HandlungskompetenzId;Titel;Module Berufsfachschule;Module ÜK;Leistungsziele;Beschreibung;Fachrichtung
a1;Bedürfnisse von Stakeholdern im Rahmen eines ICT-Projekts abklären und dokumentieren;431, 306;-;"a1.1: Sie klären Projektziele und übergeordnete Parameter wie Kosten, Zeit, Qualität, Umfang, Verantwortlichkeiten und Methodik eines ICT-Projektes ab. (K3)
a1.2: Sie wenden verschiedene Befragungstechniken und Beobachtungstechniken an (z.B. of-fene, geschlossene Fragen, Meeting, Workshop, Shadowing, Simulation der anzustrebenden Lösung in Form eines Zeitsprungs). (K5)
a1.3: Sie analysieren den Systemkontext, nehmen eine System- und Kontextabgrenzung vor und identifizieren Schnittstellen. (K4)
a1.4: Sie erarbeiten Lösungen zur Beseitigung möglicher Zielkonflikte. (K5)
a1.5: Sie überführen die natürlich sprachige Definition (der Stakeholder) in eine modellba-sierte Dokumentation mit eindeutigen, referenzierbaren Projektziele und -anforderungen. (K5)
a1.6: Sie überprüfen die Projektziele und -anforderungen bezüglich Messbarkeit, Konsistenz, Vollständigkeit, Notwendigkeit, Korrektheit und Referenzierbarkeit. (K4)
a1.7: Sie definieren die Eigenschaften für die Verwaltung der einzelnen Projektziele und -an-forderungen (z.B. Versionierung, Identifikator zur Referenzierbarkeit, Beschreibung, Autor, Quelle, Kritikalität, Priorität). (K3)";"Informatikerinnen und Informatiker nehmen die Projektziele und Bedürfnisse der Stakeholder auf und dokumentieren diese:
Als Erstes erfragen sie die Projektziele und klären übergeordnete Parameter wie Kosten, Zeit, Qualität, Umfang, Verantwortlichkeiten und Methodik (Initiale Road Mapping Session). Sie wenden dabei verschiedene Befragungstechniken und Beobachtungstechniken an (z.B. offene, geschlossene Fragen, Meeting, Workshop, Shadowing, Simulation der anzustre-benden Lösung in Form eines Zeitsprungs). Dank ihres Einfühlungsvermögens sind sie in der Lage, die Bedürfnisse der Stakeholder/der Kundschaft passgenau zu erfassen und das Gespräch zielgerichtet zu führen. Als Nächstes analysieren sie den Systemkontext: Welchen Anforderungen muss das zu entwickelnde System gerecht werden? Sie klären die System- und Kontextabgrenzung und identifizieren Schnittstellen. Sie erarbeiten Lösungen zur Beseitigung möglicher Zielkonflikte. (Requirements Elicitation)
Danach überführen sie die natürlichsprachige Definition (der Stakeholder) in eine modellbasierte Dokumentation und klassifizieren die Projektziele und -anforderungen (z.B. Kano-Modell). Sie achten darauf, allfälligen Interpretationsspielraum zu minimieren. Das Ziel ist es, eindeutige, referenzierbare Projektziele und -anforderungen als Basis für das weitere Vorgehen des Engineering Prozesses zu haben. (Requirements Documentation / Communication)
In einem weiteren Schritt überprüfen sie die aufgenommenen Projektziele und -anforderungen bezüglich Messbarkeit, Konsistenz, Vollständigkeit, Notwendigkeit, Korrektheit und Referenzierbarkeit. Dabei setzen sie unterstützende Techniken (z.B. Inspektion, Walkthrough, Perspektivenbasiertes Lesen, Prüfung durch Prototyp) ein. (Requirements Validation)
Zuletzt definieren sie die Eigenschaften für die Verwaltung der einzelnen Projektziele und -anforderungen (z.B. Versionierung, Identifikator zur Referenzierbarkeit, Beschreibung, Autor, Quelle, Kritikalität, Priorität). (Requirements Management)";Appli, Plattform
a2;Vorgehensmodell für ein ICT-Projekt bestimmen;431, 306;-;"a2.1: Sie analysieren die vom Auftraggeber gegebenen Konditionen und Parameter. (K4)
a2.2: Sie wägen die Vor- und Nachteile von verschiedenen plangetriebenen resp. agilen (itera-tiven, inkrementellen) Vorgehensmodellen in Bezug auf ein ICT-Projekt ab und wählen ein pas-sendes Modell. (K4)
a2.3: Sie passen ein Vorgehensmodell projektspezifisch an (Process-Tailoring). (K5)";"Informatikerinnen und Informatiker wählen ein den Projektzielen und -anforderungen entsprechendes Vorgehensmodell:
Zunächst analysieren sie die in der Handlungskompetenz a1 ermittelten Parameter und die vom Auftraggeber gegebenen Konditionen (z.B. Teamstruktur, Dynamik der Anforderun-gen, Entwicklungskultur, Teamgrösse).
Danach wägen sie die Vor- und Nachteile von verschiedenen plangetriebenen resp. agilen (iterativen, inkrementellen) Vorgehensmodellen in Bezug auf das ICT-Projekt ab, bewerten diese und wählen ein passendes Modell. Bei Bedarf passen sie das Vorgehensmodell projektspezifisch an (Process-Tailoring).";Appli, Plattform
a3;Informationen zu ICT-Lösungen und zu Innovationen recherchieren;241. 245;248;"a3.1: Sie suchen gezielt und systematisch nach Informationen aus digitalen und analogen Quel-len. (K4)
a3.2: Sie identifizieren verlässliche Quellen. (K4)
a3.3: Sie vergleichen mehrere Varianten aus den Ergebnissen und bewerten sie. (K4)
a3.4: Sie zeigen technische Potenziale und Risiken von Varianten auf. (K4)
a3.5: Sie erstellen ein technisches Proof of Concept (PoC). (K5)";"Informatikerinnen und Informatiker suchen gezielt Informationen zu ICT-Lösungen, um Wissenslücken zu schliessen oder den aktuellen Stand der Technik zu erfassen:
Sie suchen nach Innovationen, z.B. um eine Übersicht über die Marktsituation zu erstellen oder den aktuellen Stand der Technik zu erfassen. Dazu suchen sie gezielt und systematisch nach Informationen aus digitalen und analogen Quellen. Sie durchleuchten die Ergebnisse kritisch und identifizieren verlässliche und unzuverlässige oder unseriöse Quellen. Sie achten dabei auf Informationen zu Produkten und Lösungen, welche einen sparsamen Umgang mit Energie und einen bedachten Umgang mit verwendeten Ressourcen ermöglichen.
Sie tragen mehrere Varianten aus den Ergebnissen zusammen, vergleichen und bewerten sie. Dabei zeigen sie deren technische Potenziale und Risiken auf.
Für die favorisierte Variante erstellen sie ein technisches Proof of Concept (PoC), um die prinzipielle Durchführbarkeit eines Vorhabens zu belegen (z.B. zur Risikominimierung).";Appli, Plattform
a4;ICT-Projekte und daraus entstehende Aufgaben gemäss Vorgehensmodell planen;431, 306;;"a4.1: Sie teilen eine Gesamtaufgabe in kleinere, besser einschätzbare und einer Ressource zu-teilbare Aktivitäten auf. (K3)
a4.2: Sie identifizieren Aktivitäten nach Typ Aufwand oder Dauer. (K4)
a4.3: Sie schätzen Aufwand, Dauer und Komplexitätsgrad von Aktivitäten ab. (K4)
a4.4: Sie klären die sequenziellen Abhängigkeiten von Aktivitäten und definieren die zeitliche Reihenfolge. (K4)
a4.5: Sie gruppieren und priorisieren Aktivitäten zur Erreichung eines Zwischenziels anhand von zeitlichen oder funktionellen Vorgaben. (K3)";"Informatikerinnen und Informatiker planen ihre Aufgaben gemäss dem gewählten Vorgehensmodell:
Unabhängig vom Vorgehensmodell brechen sie eine Gesamtaufgabe in kleinere, besser einschätzbare und einer Ressource zuteilbare Aktivitäten herunter (vom Groben zum Detail). Sie unterscheiden Aktivitäten nach Aufwand und Dauer, erstellen eine ungefähre zeitliche Einschätzung und schätzen den Komplexitätsgrad der Aufgabe ab. Weiter klären sie die sequenziellen Abhängigkeiten, definieren die zeitliche Reihenfolge und hinterlegen sie allenfalls mit Ressourcen. Zum Schluss gruppieren und priorisieren sie Aktivitäten zur Errei-chung eines Zwischenziels anhand von zeitlichen oder funktionellen Vorgaben und halten dies schriftlich fest.
Nachfolgend anhand des Beispiels Scrum «rollenübergreifend» und vereinfacht erklärt:
• Sie definieren und priorisieren (z.B. BV, ROI) User Stories im Product Backlog zusammen mit den Stakeholdern.
• Sie legen Velocity und Goals (Condition of Satisfaction) für die geplante Iteration (Sprint) fest.
• Sie schätzen (Story Points) die User Stories (Story Poker) ab.
• Sie bestimmen den Sprint Backlog.";Appli, Plattform
a5;Varianten für ICT-Lösungen visualisieren und präsentieren;431, 306;;"a5.1: Sie identifizieren die Zielgruppe und deren Informationsbedürfnisse zu einer ICT-Lösung gemäss Anforderungskatalog. (K4)
a5.2: Sie identifizieren die zielgruppenrelevanten Merkmale einer ICT-Lösung. (K4)
a5.3: Sie bereiten die aus den Merkmalen gewonnenen Erkenntnisse zielgruppen- und prob-lemgerecht visuell auf (z.B. Flipchart, Whiteboard, Präsentationsprogramm, Videoconferen-cing). (K5)
a5.4: Sie präsentieren ihre Lösungsvorschläge schlüssig und überzeugend (z.B. durch Storytel-ling). (K5)";"Informatikerinnen und Informatiker bereiten verschiedene Varianten von ICT-Lösungen visuell auf und präsentieren sie:
Zunächst identifizieren sie die Zielgruppe und deren Informationsbedürfnisse zu den ICT-Lösungen gemäss Anforderungskatalog. Darauf identifizieren sie die zielgruppenrelevanten Merkmale der ICT-Lösungen. Im Anschluss bereiten sie die aus den Merkmalen gewonnenen Erkenntnisse zielgruppen- und problemgerecht visuell auf (z.B. Flipchart, Whiteboard, Präsentationsprogramm, Videoconferencing). Sie nutzen dabei ihre Kreativität und ihr Vorstellungsvermögen.
Zum Schluss präsentieren sie ihre Lösungsvorschläge schlüssig und überzeugend, um den Entscheidungsträgern bei ihrer Entscheidungsfindung zu helfen (z.B. durch Storytelling).";Appli, Plattform
a6;Fortschritt von ICT-Projekten und daraus entstehenden Aufgaben gemäss Vorgehensmodell überprüfen und rapportieren;431, 306;;"a6.1: Sie bringen Bewertungen zum Stand der ihnen zugewiesenen Aufträge ein (persönlich oder über ein Tool). (K3)
a6.2: Sie kategorisieren und priorisieren gesammelte Bewertungen. (K4)
a6.3: Sie konsolidieren die Bewertungen und erarbeiten ggf. Vorschläge für Korrekturmass-nahmen. (K5)
a6.4: Sie halten den Fortschritt schriftlich fest und stellen ihn visuell dar. (K3)
a6.5: Sie rapportieren die zusammengefassten Ergebnisse zum Projektfortschritt gemäss pro-jektspezifischem Vorgehensmodell. (K3)";"Informatikerinnen und Informatiker überprüfen laufend den Fortschritt eines Projekts oder ihrer Aufgaben darin und rapportieren diesen gemäss projektspezifischem Vorgehensmo-dell:
Entsprechend ihrer Rolle holen oder bringen sie zuerst Bewertungen zum Stand der zugewiesenen Aufträge ein (persönlich oder über ein Tool). Falls sie eine koordinierende oder leitende Rolle im Projekt innehaben, ergeben sich weitere Schritte:
Sie sammeln die Bewertungen, kategorisieren und priorisieren sie. Danach konsolidieren sie die Bewertungen und erarbeiten ggf. Vorschläge für Korrekturmassnahmen. In einem weiteren Schritt halten sie den Fortschritt schriftlich fest, visualisieren und kommunizieren ihn. Schliesslich legen sie zusammen mit den Entscheidungsträgern das weitere Vorgehen fest, z.B. Entscheid für Korrekturmassnahmen.";Appli, Plattform
a7;ICT-Lösungen der Kundin oder dem Kunden übergeben und Projekt abschliessen;431, 306;;"a7.1: Sie eruieren die einzubeziehenden Personen beim Kunden. (K3)
a7.2: Sie legen zusammen mit dem Kunden die Abnahmekriterien und -verfahren sowie den zeitlichen Ablauf der Übergabe fest. (K3)
a7.3: Sie stellen die gemäss Projektauftrag vereinbarte Dokumentation bereit. (K3)
a7.4: Sie planen eine Schulung/Instruktion. (K3)
a7.5: Sie bereiten die Schulungsunterlagen vor. (K5)
a7.6: Sie führen eine Abnahme nach festgelegten Kriterien durch und protokollieren sie. (K3)
a7.7: Sie archivieren und sichern ihre Arbeiten nach betriebsspezifischen Vorgaben. (K3)";"Informatikerinnen und Informatiker übergeben eine ICT-Lösung der Kundin oder dem Kunden und schliessen das Projekt gemäss Vereinbarung im Projektauftrag ab:
Dazu eruieren sie zuerst die einzubeziehenden Personen bei der Kundin bzw. Kunden. Falls noch nicht vorhanden, legen sie zusammen mit der Kundin / dem Kunden die Abnahme-kriterien und -verfahren sowie den zeitlichen Ablauf der Übergabe fest.
Als Nächstes stellen sie die gemäss Projektauftrag vereinbarte Dokumentation bereit. Bei Bedarf planen sie eine Schulung/Instruktion und bereiten die Schulungsunterlagen vor. Danach führen sie die Abnahme nach den festgelegten Kriterien durch und protokollieren sie. Zum Schluss archivieren und sichern sie ihre Arbeiten nach betriebsspezifischen Vorgaben.";Appli, Plattform
b1;Den eigenen ICT-Arbeitsplatz einrichten;114, 117;187;"b1.1: Sie setzen einen Computer mit einem Betriebssystem auf. (K3)
b1.2: Sie verbinden den Computer mit einem Netzwerk und testen die Verbindung. (K3)
b1.3: Sie konfigurieren die nötigen Sicherheitsmassnahmen (Firewall, Antivirensysteme etc.) gemäss Firmenrichtlinien. (K3)
b1.4: Sie installieren Software, testen sie und führen bei Bedarf Updates aus. (K3)
b1.5: Sie verbinden den Computer mit den zu verwendenden Peripheriegeräten und testen deren Funktionalitäten. (K3)
b1.6: Sie richten ihren Bürotisch und -stuhl nach ergonomischen Grundsätzen ein. (K3)";"Informatikerinnen und Informatiker richten den eigenen digitalen Arbeitsplatz mit allen benötigten Komponenten ein:
In einem ersten Schritt setzen sie den Computer mit einem Betriebssystem auf, verbinden ihn mit einem Netzwerk und testen die Verbindung. Sie konfigurieren die nötigen Sicher-heitsmassnahmen (Firewall, Antivirensysteme etc.) gemäss Firmenrichtlinien. Bei Bedarf installieren sie Software, testen, ob sie einwandfrei funktioniert und führen gegebenenfalls Updates aus. Darauf verbinden sie den Computer mit weiteren zu verwendenden Peripheriegeräten und testen deren Funktionalitäten.
Des Weiteren richten sie ihren Bürotisch und -stuhl so ein, dass die ergonomischen Grundsätze eingehalten werden. Mit Büromaterialien und Energie gehen sie sparsam um.";Appli, Plattform
b2;Komplexe ICT-Supportanfragen entgegennehmen und bearbeiten;;;"b2.1: Sie analysieren komplexe Anfragen systematisch (z.B. mit Hilfe eines Fragenkatalogs o-der einer Checkliste). (K4)
b2.2: Sie führen mit geeigneten Methoden oder Kollaborationen Lösungen herbei. (K5)
b2.3: Sie dokumentieren Lösungen nach betriebsspezifischen Vorgaben. (K3)
b2.4: Sie bereiten Lösungen für eine Anfrage zielgruppengerecht (z.B. für den 2nd Level Sup-port) auf und kommunizieren sie. (K3)";"Informatikerinnen und Informatiker nehmen komplexe Supportanfragen entgegen und erarbeiten Lösungen:
Sie erhalten im Rahmen des 3rd Level Supports eine Supportanfrage für ein komplexes ICT-Problem. Sie nehmen diese entgegen und beginnen sogleich, den Inhalt der Anfrage systematisch zu analysieren (z.B. mit Hilfe eines Fragenkatalogs oder einer Checkliste).
Mittels geeigneter Methoden oder Kollaborationen führen sie eine Lösung herbei und dokumentieren diese nach betriebsspezifischen Vorgaben. Ihre Lösung für die Anfrage bereiten sie zielgruppengerecht (z.B. für den 2nd Level Support) auf und kommunizieren sie dem Anfragesteller.";Appli, Plattform
b3;Kundinnen und Kunden in Bezug auf Datenschutz und Datensicherheit beraten;231;216,217,185,107;"b3.1: Sie klären anhand von gezielten Fragen die Sicherheitssituation beim Kunden in Bezug auf System, Netzwerk, Software und Daten. (K4)
b3.2: Sie informieren Kunden über Gefahren im Netz und den Umgang mit schützenswerten Daten. (K3)
b3.3: Sie schlagen dem Kunden nötige und empfohlene Schutzmassnahmen in den evaluierten Bereichen vor. (K5)
b3.4: Sie schulen Mitarbeitende in der Anwendung der firmeneigenen IT-Richtlinien. (K5)";"Informatikerinnen und Informatiker beraten Kundinnen und Kunden im Umgang mit schützenswerten Daten und zeigen Lösungen für Schutzmassnahmen auf:
Dazu klären sie zunächst mit gezielten Fragen die Sicherheitssituation bei Kundinnen und Kunden in Bezug auf System, Netzwerk, Software und Daten. Anhand dieser Informationen schlagen sie den Kundinnen und Kunden nötige und empfohlene Schutzmassnahmen in den evaluierten Bereichen vor. Sie schaffen ein Bewusstsein für Gefahren im Netz und im Umgang mit schützenswerten Daten.
Zur Erfüllung dieser Aufgaben informieren sie sich laufend über Veränderungen der rechtlichen Rahmenbedingungen/Vorgaben.
Bei Bedarf schulen sie Mitarbeitende in der Anwendung der firmeneigenen IT-Richtlinien.";Appli, Plattform
b4;Geschäftsprozesse von Kundinnen und Kunden analysieren, visualisieren und dokumentieren;254;;"b4.1: Sie identifizieren relevante Prozessinformationen (Bezeichnung, auslösendes Ereignis, Ergebnis, Auslöser, Empfänger). (K4)
b4.2: Sie zerlegen einen Geschäftsprozess in einer Aufgabenanalyse in einzelne Prozess-schritte. (K4)
b4.3: Sie dokumentieren einen Prozessablauf und stellen ihn auf der Basis von anerkannten und üblichen Beschreibungsstandards grafisch dar. (K3)
b4.4: Sie präzisieren den Prozessablauf mit Zusatzinformationen wie benötigten Hilfsmitteln, ausführenden Stellen sowie der Beschreibung des zu erzeugenden Outputs (Ergebnis). (K3)";"Informatikerinnen und Informatiker analysieren Geschäftsprozesse, stellen sie grafisch dar und dokumentieren sie:
In einem ersten Schritt identifizieren sie relevante Prozessinformationen (Bezeichnung, auslösendes Ereignis, Ergebnis, Auslöser, Empfänger). Darauf zerlegen sie die Geschäftspro-zesse in einer Aufgabenanalyse in einzelne Prozessschritte. Nun dokumentieren sie den Prozessablauf und stellen ihn auf der Basis von anerkannten und üblichen Beschreibungs-standards grafisch dar.
In einem weiteren Schritt präzisieren sie den Prozessablauf mit Zusatzinformationen wie benötigten Hilfsmitteln, ausführenden Stellen sowie der Beschreibung des zu erzeugenden Outputs (Ergebnis).
Zum Schluss übergeben sie die Dokumentation dem Kunden.";Appli, Plattform
c1;Daten identifizieren, analysieren und Datenmodelle entwickeln;162, 164;110,259;"c1.1: Sie sichten Daten aus verschiedenen strukturierten und unstrukturierten Datenquellen und ordnen sie hinsichtlich des 4V-Modells ein. (K4)
c1.2: Sie untersuchen Daten auf Eindeutigkeit und Widersprüchlichkeit und bereinigen sie falls nötig. (K4)
c1.3: Sie gewinnen Indikatoren/Anhaltspunkte für die Modellbildung aus bestehenden Auswer-tungsformen (Reports). (K4)
c1.4: Sie bestimmen je nach Datentyp geeignete Testfälle für die Datenkorrektheit. (K3)
c1.5: Sie bestimmen eine geeignete Struktur für die bereinigten Daten. (K4)
c1.6: Sie normalisieren ein Datenmodell. (K3)
c1.7: Sie bilden ein Datenmodell in geeigneter Darstellung ab. (K3)";"Informatikerinnen und Informatiker analysieren Daten aus verschiedenen Datenquellen und fassen sie in einem geeigneten Datenmodell zusammen:
Je nach Auftrag erhalten sie Daten aus verschiedenen strukturierten und unstrukturierten Datenquellen. Als Erstes sichten sie die Daten und ordnen sie hinsichtlich des 4V-Modells ein (volume, variety, velocity, veracity). Als Nächstes untersuchen sie die Daten auf Eindeutigkeit und Widersprüchlichkeit und bereinigen sie falls nötig.
In einem weiteren Schritt gewinnen sie Indikatoren/Anhaltspunkte für die Modellbildung aus bestehenden Auswertungsformen (Reports). Sie bestimmen je nach Datentyp geeignete Testfälle für die Datenkorrektheit sowie eine geeignete Struktur für die bereinigten Daten. Schliesslich normalisieren sie das Datenmodell und bilden es in geeigneter Darstellung ab.";Appli, Plattform
c2;Datenmodelle in einem digitalen Datenspeicher umsetzen;164;106;"c2.1: Sie wählen einen geeigneten Datenspeicher (z.B. objektrelational, relational, ver-teilt/zentral). (K3)
c2.2: Sie implementieren ein normalisiertes Datenmodell für die Speicherung unter Berück-sichtigung der referentiellen Integrität. (K3)
c2.3: Sie planen Funktions- und Performancetests und bereiten die dazu notwendigen Testda-ten vor. (K5)
c2.4: Sie führen Funktions- und Performancetests durch. (K3)
c2.5: Sie werten Funktions- und Performancetests aus. (K4)
c2.6: Sie planen Datenmigrationen aus unterschiedlichen Quellsystemen in ein Zielsystem und führen sie durch. (K5)
c2.7: Sie prüfen die migrierten Daten im Zielsystem auf Vollständigkeit, Integrität und Korrekt-heit. (K4)";"Informatikerinnen und Informatiker realisieren ein Datenmodell in einem geeigneten digitalen Datenspeicher:
Dazu wählen sie zuerst einen geeigneten Datenspeicher (z.B. objektrelational, relational, verteilt/zentral). Nun implementieren sie ein normalisiertes Datenmodell für die Speiche-rung und berücksichtigen dabei die referentielle Integrität.
Als Nächstes planen sie Funktions- und Performancetests und bereiten die dazu notwendigen Testdaten vor. Sie führen die Funktions- und Performancetests durch und werten sie aus. Weiter planen sie Datenmigrationen aus unterschiedlichen Quellsystemen in ein Zielsystem und führen sie durch. Sie prüfen die migrierten Daten im Zielsystem auf Vollstän-digkeit, Integrität und Korrektheit.";Appli, Plattform
c3;Datensicherheit und Datenschutz für ICT-Lösungen planen, implementieren und dokumentieren;231;106,185,210,109,259,107;"c3.1: Sie identifizieren schutzwürdige Daten und kategorisieren sie. (K4)
c3.2: Sie modellieren schützenswerte Daten gemäss Privacy by design. (K3)
c3.3: Sie klären die erforderlichen Schutzmechanismen gemäss Schutzwürdigkeit ab und quali-fizieren sie. (K4)
c3.4: Sie erarbeiten ein Datensicherheits- und Rollenkonzept gemäss Auftrag. (K3)
c3.5: Sie erstellen ein Backup und prüfen die erfolgreiche Wiederherstellung. (K3)
c3.6: Sie setzen Zugriffsberechtigungen gemäss Konzept. (K3)
c3.7: Sie verschlüsseln Daten gemäss Konzept. (K3)
c3.8: Sie überprüfen die eingerichteten Datensicherheits- und Schutzmechanismen in Bezug auf ihre Wirksamkeit. (K4)";"Informatikerinnen und Informatiker planen Massnahmen zur Datensicherheit und zum Datenschutz, implementieren sie und dokumentieren sie:
In einem ersten Schritt identifizieren sie schutzwürdige Daten und kategorisieren sie. Als Nächstes modellieren sie die schützenswerten Daten gemäss Privacy by design. Sie klären die erforderlichen Schutzmechanismen gemäss Schutzwürdigkeit ab und qualifizieren sie. Dabei berücksichtigen sie die gesetzlichen Rahmenbedingungen (u.a. DSGVO) und inter-pretieren sie situationsgerecht.
Darauf erarbeiten sie ein Datensicherheits- und Rollenkonzept gemäss Auftrag, dokumentieren es und setzen es um (z.B. Backup erstellen, Zugriffsberechtigung setzen, Daten verschlüsseln).
Zuletzt überprüfen sie die eingerichteten Datensicherheits- und Schutzmechanismen in Bezug auf ihre Wirksamkeit.";Appli, Plattform
c4;Daten aus digitalen Datenspeichern aufbereiten;162;259, 110;"c4.1: Sie lesen Daten in eine geeignete Analysesoftware ein. (K3)
c4.2: Sie führen eine explorative Datenanalyse durch und identifizieren mögliche Datenfehler. (K4)
c4.3: Sie vergleichen etablierte Aufbereitungsmethoden und Darstellungsformen und bewer-ten sie. (K4)
c4.4: Sie wählen geeignete Darstellungsformen aus und setzen sie ein. (K3)
c4.5: Sie prüfen die Validität der aufbereiteten Daten durch Stichproben. (K3)
c4.6: Sie stellen Daten anonymisiert bereit. (K3)";"nformatikerinnen und Informatiker analysieren Daten aus digitalen Datenspeichern und bereiten sie auf:
Zu Beginn lesen sie die Daten in eine geeignete Analysesoftware ein. Darauf führen sie eine explorative Datenanalyse durch und identifizieren mögliche Datenfehler. Sie prüfen die Validität der aufbereiteten Daten durch Stichproben.
Als Nächstes vergleichen sie etablierte Aufbereitungsmethoden und Darstellungsformen miteinander und bewerten sie. Auf dieser Grundlage wählen sie geeignete Darstellungsfor-men aus und setzen sie ein (z.B. logarithmieren und nicht lineare Zusammenhänge linear darstellen). Schliesslich stellen sie die Daten anonymisiert bereit (z.B. für Testfälle).";
;;;;;;
;;;;;;
d1;ICT-Prozesse aufnehmen, standardisieren und automatisieren;122, 158, 169, 319;188, 223,335, 216, 217, 210, 109;"d1.1: Sie halten Kundenbedürfnisse in Bezug auf ICT-Prozesse in Form von technischen Anfor-derungen nachvollziehbar und lösungsneutral fest. (K4)
d1.2: Sie leiten aus den Anforderungen einen technischen Lösungsvorschlag ab und halten die-sen übersichtlich fest. (K4)
d1.3: Sie automatisieren definierte ICT-Prozesse mittels Scriptsprachen, Infrastructure as Code (IaC) und/oder Automatisierungsframeworks. (K4)";"Informatikerinnen und Informatiker nehmen ICT-Prozesse (z.B. Benutzermanagement, Service Provisionierung, Loganalysen) auf, standardisieren und automatisieren diese. Damit erreichen sie eine Erhöhung der Effizienz und Qualität für die implementierten ICT-Prozesse:
In einem ersten Schritt holen sie die Anforderungen der Stakeholder in Bezug auf geschäfts- und/oder betriebsrelevante ICT-Prozesse ein. Dies geschieht beispielsweise im Rahmen eines Beratungsgesprächs (a1). Auf dieser Grundlage leiten sie einen technischen Lösungsvorschlag ab und halten diesen schriftlich fest. Sie berücksichtigen dabei insbesondere betriebliche Gegebenheiten und Standards (z.B. BPMN, Orchestrierungstools, Scheduling-Tools, OS-builds).
Den Lösungsvorschlag setzen sie schliesslich um. Schrittweise führen sie die Automatisierung der definierten Prozesse durch. Dazu setzen sie Scriptsprachen, Infrastructure as Code (IaC) und/oder Automatisierungsframeworks ein. Sie halten sich an empfohlene Vorgehensweisen und berücksichtigen dabei Best Practices.";plattform
d2;Auslieferungsprozess von ICT-Lösungen definieren;122, 158;217;"d2.1: Sie identifizieren bestehende Auslieferungsprozesse, betroffene Schnittstellen und Sta-keholder. (K4)
d2.2: Sie bestimmen eine geeignete Plattform, nötige Erweiterungen und Anpassungen in Be-zug auf die definierten Anforderungen der Lösung. (K4)
d2.3: Sie dokumentieren einen vollständigen Auslieferungsprozess übersichtlich und nachvoll-ziehbar. (K3)
d2.4: Sie präsentieren einen Auslieferungsprozess relevanten Stakeholdern verständlich und übersichtlich. (K3)
d2.5: Sie erstellen ein vollständiges Testkonzept, um Funktion und Integration der Ausliefe-rung zu testen. (K3)";"Informatikerinnen und Informatiker definieren den Prozess, mit welchem entwickelte ICT-Lösungen dem Kunden ausgeliefert werden. Damit erreichen sie eine professionelle und den Anforderungen entsprechende Auslieferung der ICT-Lösung:
Zunächst identifizieren sie bereits bestehende Auslieferungsprozesse (z.B. Software Deployment und HW-Rollout) unter Einbezug der betroffenen Schnittstellen und Stakehol-dern. Sie bestimmen eine geeignete Plattform und/oder nötige Erweiterungen und Anpassungen.
Den definitiven Auslieferungsprozess dokumentieren sie schriftlich und kommunizieren diesen allen betroffenen Stellen. Ausserdem erstellen sie ein Testkonzept für die Ausliefe-rung (z.B. Funktions- und Integrationstests) und berücksichtigen dabei mögliche Sicherheitsrisiken (z.B. Hardware-Life Cycle, Absicherung der Datenübermittlung, Sicherheitskon-zept der Einzelkomponenten).";plattform
d3;Ausführungsplattform für ICT-Lösungen vorbereiten;158, 169;216, 217, 210, 109;"d3.1: Sie stellen eine definierte Ausführungsplattform bereit. (K3)
d3.2: Sie konfigurieren eine Ausführungsplattform gemäss den geplanten Anforderungen. (K3)
d3.3: Sie dokumentieren die Konfiguration einer Ausführungsplattform nachvollziehbar. (K3)
d3.4: Sie überprüfen eine vorbereitete Plattform in Bezug auf die definierten Anforderungen. (K3)";"Informatikerinnen und Informatiker bereiten eine Ausführungsplattform für ICT-Lösungen vor:
Sie stellen die definierte Ausführungsplattform (gemäss d2) bereit (z.B. Continuous delivery toolchain, Virtualisierungsplattform). Dabei pflegen sie einen engen und proaktiven Austausch mit relevanten Projektbeteiligten. Weiter konfigurieren sie die Plattform gemäss den geplanten Anforderungen. Sie dokumentieren die vorgenommenen Schritte und Einstellungen nachvollziehbar. Abschliessend überprüfen sie, ob die vorbereitete Plattform abgenommen werden kann.";plattform
d4;ICT-Lösungen in Betrieb nehmen;122;216, 217, 210, 109;"d4.1: Sie beantragen die erforderlichen Zugriffsrechte wie auch Berechtigungen für eine Inbe-triebnahme. (K3)
d4.2: Sie koordinieren Anpassungen an den Umsystemen. (K4)
d4.3: Sie führen Deployment-Scripts für die Inbetriebnahme aus. (K3)
d4.4: Sie führen einen Software Rollout durch. (K3)
d4.5: Sie koordinieren einen Hardware Rollout mit den betroffenen Stakeholdern. (K4)
d4.6: Sie informieren Auftraggeber regelmässig über den Fortschritt einer Inbetriebnahme. (K3)
d4.7: Sie testen eine in Betrieb genommene ICT-Lösung auf Funktionalität und Sicherheit. (K4)";"nformatikerinnen und Informatiker nehmen ICT-Lösungen gemäss Anforderungen in Betrieb. Damit stellen sie eine erfolgreiche Übergabe an den Auftraggeber sicher:
Je nach Projekt beantragen sie die erforderlichen Zugriffsrechte wie auch Berechtigungen für die Inbetriebnahme. Falls notwendig koordinieren sie die Anpassungen an den Umsys-temen. Danach führen sie die Inbetriebnahme durch (z.B. Ausführung von Deployment-Scripts, Rollout). Sie sind in regelmässigem Austausch mit den Stakeholdern und informieren diese über den Fortschritt der Inbetriebnahme. Sie testen die entsprechende Lösung gemäss Testkonzept (d2). Schliesslich überprüfen sie die Lösung auf Sicherheitsrisiken.
Die umgesetzte ICT-Lösung übergeben sie dem Auftraggeber. Bei Bedarf führen sie eine Schulung durch oder erstellen eine Dokumentation (vgl. a7).";plattform
e1;Netze planen und dokumentieren;117, 129, 346;185, 216, 109, 184;"e1.1: Sie erarbeiten zuhanden von Stakeholdern einen Lösungsvorschlag für ein Netz unter Be-rücksichtigung von betrieblichen Gegebenheiten, technischen Standards und rechtlichen Vor-gaben. (K5)
e1.2: Sie schätzen die Ausfallswahrscheinlichkeit eines neuen oder bestehenden Netzes ein und planen bei Bedarf Redundanzen ein. (K4)
e1.3: Sie konzipieren eine Netzinfrastruktur (LAN) unter Berücksichtigung der räumlichen Ver-hältnisse und weiterer Vorgaben. (K5)
e1.4: Sie konzipieren physische und systemische Sicherheitsmassnahmen im lokalen Netz. (K5)
e1.5: Sie dokumentieren eine physische und logische Netzstruktur systematisch und vollstän-dig. (K3)
e1.6: Sie wählen einen geeigneten Internetdienstanbieter (ISP) gemäss vorgegebenen Anfor-derungen aus. (K4)
e1.7: Sie erstellen ein Testkonzept zur Überprüfung der Funktionalität, Performance und Sicher-heit des Netzes. (K5)";"Informatikerinnen und Informatiker planen bestehende oder neue IP-Netze für unterschiedlichste Auftraggeber (Kleinstbetrieb bis Grossunternehmen) und führen die nötigen Doku-mentationen nach. Damit schaffen sie nachvollziehbare Grundlagen für den Aufbau und Betrieb der Netze:
Zunächst nehmen sie bei relevanten Stakeholdern (z.B. Auftraggeber, interne Abteilung, Hersteller) die Anforderungen auf (z.B. Verfügbarkeit, Sicherheit) (vgl. a1). Aufgrund der Anforderungen leiten sie einen ersten Vorschlag oder Lösungsvarianten ab. Sie berücksichtigen dabei je nach Situation betriebliche Gegebenheiten, technische Standards oder rechtliche Vorgaben. Sie halten den Vorschlag schriftlich fest.
In einem nächsten Schritt nehmen sie das Detaildesign vor: Sie konzipieren die geeignete Netzinfrastruktur (LAN) unter Berücksichtigung der räumlichen Verhältnisse und Vorgaben (z.B. Bandbreite, Übertragungsmedien, erforderlichen Dienst-Verfügbarkeit und Sicherheit). Die physische und logische Netzstruktur dokumentieren sie systematisch und achten darauf, dass sie alle relevanten Angaben erfasst haben.
Weiter evaluieren sie mögliche Internetdienstanbieter (ISP) gemäss den Netzanforderungen, wählen einen Anbieter aus und halten die Angaben inkl. Kostenvarianten im Konzept fest.
Schliesslich erstellen sie eine Testkonzept zur Überprüfung der Funktionalität, Performance und Sicherheit des Netzes.";plattform
e2;Netzkomponenten auswählen und in Betrieb nehmen;117, 129, 145;190, 216, 109;"e2.1: Sie bestimmen geeignete Netzkomponenten unter Berücksichtigung der Anforderungen und der Budgetvorgaben. (K4)
e2.2: Sie erstellen eine vollständige Materialliste gemäss internem Bestellprozess. (K3)
e2.3: Sie überprüfen Netzkomponenten beim Wareneingang auf Vollständigkeit. (K4)
e2.4: Sie erstellen ein nachvollziehbares Konfigurationskonzept. (K5)
e2.5: Sie nehmen bei Netzkomponenten Vorkonfigurationen und Upgrades vor. (K3)
e2.6: Sie installieren Netzkomponenten vor Ort und nehmen die Endkonfiguration vor. (K3)
e2.7: Sie testen installierte Netzkomponenten auf Funktionsfähigkeit. (K3)
e2.8: Sie erläutern einem Kunden die Funktionsweise eines Netzes in einfachen Worten. (K3)";"Auf der Grundlage der erfolgten Netzplanung (e1) wählen Informatikerinnen und Informatiker geeignete Netzkomponenten aus und nehmen diese in Betrieb:
Zunächst führen sie eine Recherche durch und bestimmen die geeigneten Netzkomponenten. Sie erstellen eine Materialliste gemäss internem Bestellprozess und den Budgetvor-gaben. Die bestellten Netzkomponenten überprüfen sie beim Eingang auf Vollständigkeit.
In der Regel erstellen sie ein Konzept für die Konfiguration. In einem nächsten Schritt nehmen sie die Netzkomponenten in Betrieb. Häufig setzen sie die Netzkomponenten zunächst firmenintern auf, nehmen Vorkonfigurationen und Upgrades vor und führen eine erste Funktionskontrolle durch. Anschliessend installieren sie die Netzkomponenten vor Ort beim Kunden. Sie führen eine Endkonfiguration durch und testen die Funktionsfähigkeit des Netzes gemäss dem erstellten Konzept.
Je nach Situation übergeben sie das installierte Netz dem Kunden, informieren diesen und führen ihn bei Bedarf ein.";plattform
e3;Netze warten und weiterentwickeln;129, 145;184, 216, 217, 109;"e3.1: Sie überprüfen Netzkomponenten durch Sichtkontrollen und definieren bei Bedarf War-tungsmassnahmen. (K3)
e3.2: Sie führen eine Log-Überprüfung von Netzkomponenten durch. (K4)
e3.3: Sie definieren kurzfristige und langfristige Massnahmen für die Weiterentwicklung von Komponenten ab. (K4)
e3.4: Sie führen Updates und Upgrades von Komponenten gemäss bestehendem Betriebskon-zept und Herstellervorgaben durch. (K3)
e3.5: Sie dokumentieren ausgeführte Wartungsarbeiten sorgfältig. (K3)
e3.6: Sie informieren einen Stakeholder über den Life Cycle von Geräten sowie über aktuelle Standards in Bezug auf Energie und Ökologie. (K3)
e3.7: Sie schätzen den Zeitpunkt für Ersatzanschaffungen von Geräten ab. (K3)";"Informatikerinnen und Informatiker warten Netze im Rahmen von Wartungsaufträgen und entwickeln die Netze bei Bedarf weiter (Continuous Service Improvement):
In den definierten Wartungsintervallen führen sie vor Ort Sichtkontrollen der Netzkomponenten durch. Auf dieser Grundlage entscheiden sie, ob Massnahmen notwendig sind (z.B. Entstauben). Weiter führen sie die Log-Überprüfung der Komponenten durch (z.B. Temperaturschwankungen, Durchflussraten, Performanceraten, Auslastungen, Fehlermeldun-gen). Bei Bedarf treffen sie Massnahmen für die kurzfristige oder langfristige Weiterentwicklung (z.B. zusätzliche Komponente, Umkonzipierung des Netzes, Konfiguration anpassen, Patches und Upgrades).
Sie führen nötige Updates und Upgrades der Komponenten sowie allfällige weitere Wartungsarbeiten (z.B. Firmware Update) durch. Die ausgeführten Wartungsarbeiten und Emp-fehlungen dokumentieren sie sorgfältig. Bei Bedarf klären sie grössere Massnahmen mit Vorgesetzten und Auftraggebern ab. Dabei sind sie sich des Life Cycles von Netzwerkkom-ponenten bewusst und können darüber informieren, wann diese voraussichtlich ersetzt werden müssen. Sie berücksichtigen ausserdem ökologische Kriterien, wie z.B. Energie Labels oder Nachhaltigkeit. Bei allen Wartungsarbeiten achten sie auf einen sorgfältigen Umgang mit den Geräten und treffen Massnahmen, um diese vor elektrostatischen Entla-dungen zu schützen.";plattform
e4;Sicherheit von Netzen implementieren, dokumentieren und überprüfen;117, 129, 145, 231;184, 185, 216, 217, 109;"e4.1: Sie analysieren und bewerten Sicherheitsrisiken eines Netzes anhand von aktuellen und betriebsspezifischen Tools. (K4)
e4.2: Sie implementieren sicherheitsrelevante Dienste und Komponenten. (K3)
e4.3: Sie testen implementierte Sicherheitsmassnahmen systematisch und gemäss Testkon-zept. (K3)
e4.4: Sie dokumentieren die Funktionalität von implementierten Sicherheitsmassnahmen. (K3)";"Informatikerinnen und Informatiker implementieren, dokumentieren und überprüfen die Sicherheit von Netzen. Damit stellen sie sicher, dass kritische Systeme bedarfsgerecht vor Angriffen oder Schädlingsbefall geschützt werden:
Zunächst analysieren sie mögliche Sicherheitsrisiken eines Netzes und bewerten diese. Dazu verwenden sie aktuelle und betriebsspezifische Tools (z.B. Portscanner). Auf dieser Grundlage konzipieren sie physische und systemische Sicherheitsmassnahmen im lokalen Netz (e1).
Sie setzen die geplanten Sicherheitsmassnahmen um, indem sie sicherheitsrelevante Dienste und Komponenten implementieren (z.B. Firewall, VPN, NAT, VLAN, DMZ). Anschliessend testen sie die Sicherheitsmassnahmen systematisch und dokumentieren deren Funktionalität.";plattform
e5;Leistungsfähigkeit eines Netzes analysieren, optimieren und dokumentieren;129;216, 217, 109;"e5.1: Sie analysieren mögliche Ursachen im Falle einer eingeschränkten Leistungsfähigkeit des Netzes. (K4)
e5.2: Sie analysieren die Auslastung eines Netzes und legen unter Berücksichtigung möglicher Auswirkungen geeignete Optimierungsmassnahmen fest. (K4)
e5.3: Sie dokumentieren Optimierungsmassnahmen nachvollziehbar. (K3)
e5.4: Sie passen die Konfiguration von Netzkomponenten gemäss den getroffenen Optimie-rungsmassnahmen an. (K3)
e5.5: Sie testen die Funktionsfähigkeit eines Netzes. (K4)";"Informatikerinnen und Informatiker analysieren, optimieren und dokumentieren die Leistungsfähigkeit eines Netzes. Dies geschieht typischerweise im laufenden Betrieb, in regelmäs-sigen Zyklen oder wenn Probleme gemeldet werden (z.B. Monitoring, Usermeldungen):
Nach der Kontaktaufnahme und Problemschilderung (z.B. Start einer Applikation ist langsam) durch einen Stakeholder klären sie zunächst mögliche Ursachen ab. Sie analysieren die Netzauslastung (LAN) und legen anschliessend Lösungsvarianten fest (z.B. Loadbalancing, QoS, PoE). Sie berücksichtigen dabei verschiedene Faktoren, wie z.B. die Auswirkung der Verkabelung auf die Leistungsfähigkeit. Sie dokumentieren die gewählte Lösung und passen die Konfiguration der entsprechenden Komponenten (z.B. Switch, Router, Access Point) an.
Sie testen abschliessend die Funktionsfähigkeit des Netzes. Falls erforderlich, schlagen sie dem Stakeholder eine Auswechslung oder Erweiterung der Komponenten vor (→e1).";plattform
e6;Netze überwachen;129, 145;184, 216, 217, 109;"e6.1: Sie überwachen Netze mit den vorgegebenen Monitoring-Tools kontinuierlich und zuver-lässig. (K4)
e6.2: Sie überprüfen Verfügbarkeit und Funktionsfähigkeit von Netzkomponenten sowie die Auslastung des Netzes. (K4)
e6.3: Sie priorisieren Meldungen und Alarmierungen nach Dringlichkeit und legen geeignete Massnahmen fest. (K4)
e6.4: Sie lokalisieren und identifizieren Fehler auf Ebene der Netzkomponenten durch eine strukturierte Vorgehensweise. (K4)
e6.5. Sie organisieren die Fehlerbehebung im Team oder mit externen Partnern. (K3)";"Informatikerinnen und Informatiker überwachen Netze kontinuierlich. Damit gewährleisten sie einen lückenlosen Netzbetrieb und erkennen Probleme, Störungen und Verbesserungs-möglichkeiten frühzeitig:
Anhand verschiedener Monitoring-Tools überwachen sie Netze kontinuierlich, entweder für ihr Unternehmen oder für Kunden im Rahmen einer Dienstleistungsvereinbarung (SLA). Sie kontrollieren insbesondere Verfügbarkeit und Funktionsfähigkeit der Netzkomponenten. Ausserdem überwachen sie die Auslastung des Netzes (z.B. Performance von Kompo-nenten und Übertragungsstrecken). Sie schätzen die Dringlichkeit von eingehenden Meldungen/Alarmierungen ab und treffen zum richtigen Zeitpunkt geeignete Massnahmen (Trouble Shooting). Sie grenzen den Fehler auf Ebene der Komponenten ein. Sie gehen strukturiert und hartnäckig vor, bis der Fehler identifiziert werden kann. Schliesslich organi-sieren sie die Fehlerbehebung im Team oder mit externen Partnern.";plattform
f1;Serversysteme und -dienste planen und dokumentieren;123, 141,143,157,159,169,300,346;187,190,210,109,217;"f1.1: Sie erarbeiten zuhanden von Stakeholdern Lösungsvorschläge für Serverdienste und Ser-versysteme unter Berücksichtigung von betrieblichen Gegebenheiten, technischen Standards, rechtlichen Vorgaben sowie des IT-Grundschutzes. (K5)
f1.2: Sie klären Fragen von Stakeholdern in Bezug auf Lösungsvorschläge verständlich und hin-terfragen Anforderungen kritisch. (K3)
f1.3: Sie halten Lösungsvarianten mit allen Anforderungen schriftlich fest. (K3)
f1.4: Sie bestimmen geeignete Plattformen und Leistungsparameter anhand von messbaren Be-wertungskriterien. (K4)
f1.5: Sie wählen geeignete Hard- und Software vorausschauend und unter Berücksichtigung der Rahmenbedingungen. (K4)
f1.6: Sie definieren geeignete Dienste mit den benötigten Ressourcen unter Berücksichtigung relevanter Abhängigkeiten und Auswirkungen. (K4)
f1.7: Sie erstellen ein Testkonzept zur Überprüfung der Funktionalität, Performance und Sicher-heit von Systemen und Diensten. (K3)";"nformatikerinnen und Informatiker planen Serversysteme und Serverdienste für unterschiedlichste Auftraggeber (Kleinstbetrieb bis Grossunternehmen) und führen die nötigen Doku-mentationen nach. Damit schaffen sie nachvollziehbare Grundlagen für den Aufbau und Betrieb der Systeme und Dienste:
Zunächst nehmen sie bei relevanten Stakeholdern (z.B. Auftraggeber, interne Abteilung, Hersteller) die Anforderungen an benötigte Funktionen, sowie das vorgesehene Budget auf (→a1). Aufgrund der Anforderungen leiten sie einen ersten Vorschlag oder Lösungsvarianten für mögliche Serversysteme und/oder Serverdienste (z.B. Webdienste, Datenbanken, Datenspeicherdienste, Data Analytics) ab. Sie berücksichtigen dabei je nach Situation betriebliche Gegebenheiten, technische Standards, rechtliche Vorgaben sowie den IT-Grund-schutz. Sie beraten die Stakeholder, klären deren Fragen und hinterfragen Anforderungen kritisch. Sie halten die Lösungsvarianten mit den Anforderungen schriftlich fest.
In einem nächsten Schritt bestimmen sie die geeignete Plattform (z.B. inhouse VM, Cloud, Hybridsystem, Container) sowie die dazugehörenden Leistungsparameter (z.B. OS, CPU, Memory, Storage, Networking). Sie wenden dazu messbare Bewertungskriterien an. Wenn nötig wählen sie geeignete Hard- und Software aus. Sie denken dabei vorausschauend und beachten die Rahmenbedingungen, wie z.B. die Vorgabe eines Herstellers, Einsatz- und Einbaumöglichkeiten oder die Stromversorgung und die Energieeffizienz.
Weiter definieren sie die erforderlichen Dienste und legen die benötigten Ressourcen (z.B. Serverressourcen, Cloud Services, Lizenzen, Berechtigungen, SSO) fest. Dabei berücksich-tigen sie relevante Abhängigkeiten, wie z.B. clientseitige Kompatibilitäten (Browser, Ciphers). Sie nehmen eine gesamtheitliche Perspektive ein und bedenken mögliche Auswirkungen.
Schliesslich erstellen sie ein Testkonzept, um bei der Inbetriebnahme Funktionalität, Performance und Sicherheit der Systeme und Dienste zu prüfen.";plattform
f2;Serversysteme in Betrieb nehmen;157;187, 190, 109, 217;"f2.1: Sie beschaffen gewählte Komponenten und Ressourcen für ein Serversystem gemäss be-trieblichen Prozessen. (K3)
f2.2: Sie installieren Komponenten und Services gemäss definierter Planung sowie internen An-forderungen, Richtlinien und Best Practices und konfigurieren diese. (K3)
f2.3: Sie überprüfen die Funktionalität eines Serversystems mittels geeigneter Tests. (K4)
f2.4: Sie überführen ein Serversystem in den Produktivbetrieb. (K3)";"Informatikerinnen und Informatiker nehmen geplante Serversysteme in Betrieb (unter Serversystemen werden Hardware, virtuelle Maschinen oder Container verstanden, welche ent-weder inhouse oder cloudbasiert sind):
Liegt der definitive Umsetzungsentscheid für ein Serversystem vor, beschaffen sie die benötigten Komponenten und/oder Ressourcen (z.B. Personell, Material, Infrastruktur, Lizenzen, Cloud Services).
Schliesslich nehmen sie die Komponenten und/oder Services in Betrieb, indem sie diese aufsetzen und konfigurieren. Sie gehen dabei gemäss der definierten Planung vor und berück-sichtigen interne Anforderungen, Richtlinien und Best Practices. Sie prüfen das Serversystem mit den geplanten Tests (→f1) und überführen dieses in den Produktivbetrieb.";plattform
f3;Serverdienste in Betrieb nehmen;123,141,159,169, 300, 346;109, 217;"f3.1: Sie beschaffen gewählte Ressourcen für einen Serverdienst gemäss betrieblichen Prozes-sen. (K3)
f3.2: Sie installieren und konfigurieren einen Serverdienst unter Berücksichtigung der Anforde-rungen, Richtlinien, gesetzlichen Vorgaben und Best Practices in Betrieb. (K3)
f3.3: Sie überprüfen die Funktionalität eines Serverdienstes mittels geeigneter Tests. (K4)
f3.4: Sie überführen einen Serverdienst in den Produktivbetrieb. (K3)
f3.5: Sie führen das Betriebshandbuch nach und übergeben es dem Auftraggeber. (K3)";"Informatikerinnen und Informatiker nehmen geplante Serverdienste in Betrieb (zu Serverdiensten zählen z.B. DNS, Webserver, Datenbank, JRE, Kollaborationsplattform, IoT Gateway, Messenging Bus, Big Data Analytics):
Liegt der definitive Umsetzungsentscheid für einen Serverdienst vor, beschaffen sie die benötigten Ressourcen (z.B. Personell, Lizenzen, Cloud Services).
In einem nächsten Schritt nehmen sie die Services in Betrieb, indem sie diese gemäss den Anforderungen installieren und konfigurieren. Sie gehen dabei gemäss der definierten Planung vor und berücksichtigen interne Anforderungen, Richtlinien und Best Practices. Sie prüfen den Service mit den geplanten Tests und überführen diesen in den Produktivbetrieb. Schliesslich führen sie das Betriebshandbuch nach und übergeben es dem Auftraggeber.";plattform
f4;Serversysteme und -dienste warten und verwalten;182, 159, 169, 300, 346;187, 190, 109, 217;"f4.1: Sie definieren Wartungsaufgaben und Wartungszyklen für Serversysteme und Server-dienste. (K4)
f4.2: Sie führen Wartungsaufgaben gemäss Vorgaben zuverlässig durch. (K3)
f4.3: Sie dokumentieren ausgeführte Wartungsaufgaben nachvollziehbar. (K3)
f4.4: Sie testen Updates und spielen diese in die Produktivumgebung ein. (K3)
f4.5: Sie testen Funktionalität, Performance und Sicherheit von Systemen und Diensten syste-matisch. (K3)
f4.6: Sie dokumentieren Eingriffe und Anpassungen an Systemen und Diensten nachvollziehbar und halten sich an die Schweigepflicht. (K3)";"Informatikerinnen und Informatiker warten Serversysteme und Serverdienste und verwalten diese. Damit stellen sie einen kontinuierlichen produktiven Betrieb sicher:
Je nach Anforderungen des Systems oder des Dienstes definieren sie zunächst die Wartungsaufgaben und deren Wartungszyklus (täglich / wöchentlich / monatlich / bei bestimmten Ereignissen, gemäss SLA). Sie führen die Wartungsaufgaben zu den definierten Zeitpunkten zuverlässig durch und dokumentieren diese. Werden Updates benötigt (z.B. Upgrades, Patches, Firmware) testen sie diese und spielen sie in der Produktivumgebung ein.
Weiter testen sie Funktionalität, Performance und Sicherheit von Systemen und Diensten in regelmässigen Zyklen. Werden Änderungen an den Systemen vorgenommen, dokumen-tieren sie diese übersichtlich. Sie gehen diszipliniert vor und achten darauf, dass Eingriffe auf Systemen und Diensten jederzeit nachvollziehbar sind. Ausserdem sind sie sich ihrer Schweigepflicht bewusst und gehen mit Daten vertrauensvoll und sorgfältig um.";plattform
f5;Serversysteme und -dienste überwachen;182,123,346;188, 190, 109;"f5.1: Sie definieren in Absprache mit Stakeholdern zu überwachende Serversysteme und Server-dienste. (K3)
f5.2: Sie bestimmen geeignete Überwachungsmethoden. (K4)
f5.3: Sie legen unter Einschätzung der Risiken sinnvolle Schwellenwerte sowie entsprechende Aktionen fest. (K4)
f5.4: Sie überprüfen regelmässig mittels Tests die Funktionalität eines Überwachungssystems und dokumentieren die Ergebnisse. (K4)
f5.5: Sie ergreifen bei Fehler- oder Alarmmeldungen rasch geeignete Massnahmen. (K4)";"Informatikerinnen und Informatiker überwachen Serversysteme und Serverdienste. Damit erkennen sie Probleme frühzeitig und können Ausfallrisiken minimieren:
Mit den jeweiligen Stakeholdern definieren sie zunächst, welche Serversysteme und Serverdienste überwacht werden sollen. Anschliessend bestimmen sie geeignete Überwachungs-methoden (Script, Software, Benachrichtigungen etc.). Weiter legen sie Schwellenwerte und Aktionen fest, welche bei Über-/Unterschreitung der Schwellenwerte durchgeführt wer-den sollen. Dabei schätzen sie die jeweiligen Risiken aufgrund ihrer Erfahrungen sowie entsprechend den Anforderungen des Auftraggebers oder den Dienstleistungsvereinbarungen (SLA) ab.
Ist die Überwachung in Betrieb, überprüfen sie mit periodischen Tests, ob das Überwachungssystem zuverlässig funktioniert. Die Ergebnisse dokumentieren sie nachvollziehbar. Bei Fehlermeldungen oder Alarmmeldungen handeln sie rasch und ergreifen entsprechende Massnahmen.";plattform
f6;Sicherheit von Serversystemen und -diensten implementieren, dokumentieren und überprüfen;182, 141, 143, 169, 346, 231;188, 190, 109;"f6.1: Sie erstellen im Team und gemäss Best Practices ein Sicherheitskonzept für Serversysteme und Serverdienste. (K5)
f6.2: Sie konfigurieren Sicherheitselemente effektiv. (K3)
f6.3: Sie testen Sicherheitssysteme in regelmässigen Abständen und dokumentieren die Ergeb-nisse nachvollziehbar. (K4)
f6.4: Sie überprüfen Sicherheitskonzepte auf Aktualität und passen diese bei Bedarf an techno-logische Entwicklungen an. (K4)";"Informatikerinnen und Informatiker implementieren, dokumentieren und überprüfen die Sicherheit von Serversystemen und Serverdiensten:
Zunächst erstellen sie gemäss den Anforderungen der Stakeholder ein Sicherheitskonzept. Dieses beschreibt mögliche Risiken sowie geeignete Sicherheitssysteme/-methoden für den IT-Grundschutz (z.B. Firewall, Antiviren Software, Berechtigungen, SSO). Sie arbeiten dabei im Team und ziehen bei Bedarf Partner bei. Sie beachten Best Practices der eingesetzten Lösungen.
Sie konfigurieren die definierten Sicherheitselemente und testen anschliessend deren Wirksamkeit. Im laufenden Betrieb führen sie in regelmässigen Zyklen Sicherheitstests durch. Die Ergebnisse dokumentieren sie nachvollziehbar. Sie informieren sich regelmässig über technologische Entwicklungen von Sicherheitssystemen (z.B. MELANI, CVE) und passen ihre Sicherheitskonzepte entsprechend an.";plattform
f7;Verfügbarkeit von Serversystemen und -diensten planen und umsetzen;141,143,169,346;190, 109;"f7.1: Sie eruieren im Gespräch mit Stakeholdern den verkraftbaren Datenverlust (RPO), den ver-kraftbaren Ausfall von Systemen und Diensten (RTO) sowie Datenvorhaltefristen und dokumen-tieren die Ergebnisse. (K3)
f7.2: Sie überprüfen aktuelle Systeme und Dienste auf Einhaltung der festgelegten Verfügbarkei-ten. (K4)
f7.3: Sie konzipieren Lösungen/ Optimierungsmassnahmen, um festgelegte Verfügbarkeiten zu gewährleisten. (K5)
f7.4: Sie erläutern Stakeholdern erarbeitete Lösungen /Optimierungsmassnahmen verständlich und nachvollziehbar entsprechend der Wirtschaftlichkeit. (K3)
f7.5: Sie setzen geplante Lösungen und/oder Optimierungen in der Umgebung um. (K3)";"Informatikerinnen und Informatiker planen die Verfügbarkeit von Serversystemen und Serverdiensten. Sie setzen Massnahmen um, um die Vorgaben zu Datenverlusten und Ausfallzei-ten einzuhalten:
Im Gespräch mit ihren Stakeholdern eruieren sie den verkraftbaren Datenverlust (Recovery Point Objective), den verkraftbaren Ausfall von Serversystemen und Serverdiensten (Recovery Time Objective) sowie Datenvorhaltefristen (Backup Retention). Sie halten die Ergebnisse in Form einer Dokumentation schriftlich fest.
In einem nächsten Schritt überprüfen sie die aktuellen Systeme und Dienste anhand der Beschaffenheit oder Dienstleistungsvereinbarungen (SLA) und halten fest, wo die Verfügbar-keit noch nicht gewährleistet ist. Sie entscheiden über eventuelle Anpassungen und definieren mögliche Lösungen/Optimierungen. Besonders gefragt sind hierbei ihre Analyse- und Konzeptionsfähigkeit. Die Optimierungsmassnahmen besprechen sie mit den Stakeholdern und holen deren Einwilligung zur Freigabe ein.
Schliesslich setzen sie die Lösungen/Optimierungen um: Sie nehmen die geplanten Anpassungen in der Umgebung vor. Sie testen in regelmässigen Abständen, ob die Verfügbarkeit der Systeme und Daten den definierten Anforderungen entsprechen.";plattform
f8;Backup- und Archivierungskonzepte für Daten erstellen und umsetzen;143, 169, 346, 231;190, 109;"f8.1: Sie definieren in Absprache mit Stakeholdern die zu sichernden oder zu archivierenden Da-ten. (K4)
f8.2: Sie erstellen ein vollständiges Backup- und Archivierungskonzept mit allen relevanten An-gaben und unter Berücksichtigung der rechtlichen Vorgaben. (K4)
f8.3: Sie erstellen ein vollständiges Desaster-Recovery-Konzept mit allen relevanten Angaben und unter Berücksichtigung der betrieblichen Vorgaben. (K4)
f8.4: Sie testen in regelmässigen Abständen die Wiederherstellbarkeit von Daten/Services und dokumentieren die Ergebnisse nachvollziehbar. (K3)";"Informatikerinnen und Informatiker erstellen Backup- und Archivierungskonzepte für Daten und setzen diese um. Sie stellen damit sicher, dass Daten nachhaltig verfügbar sind:
Sie legen gemeinsam mit den Stakeholdern fest, welche Daten (z.B. Benutzer-, Konfiguration-, System-, Logdaten) gesichert und archiviert werden sollen. Danach erstellen sie ein Backup (inkl. Recovery- und Desaster-Recovery-Konzept) und/oder Archivierungskonzept. Dabei nehmen sie eine gesamtheitliche Betrachtung ein: Sie berücksichtigen den Siche-rungszyklus, Datenvorhaltefristen sowie Anforderungen an die Compliance. Weiter definieren sie relevante Aspekte, wie z.B. Periodizität, Grösse, Art des Mediums, Berechtigungen und Zugriffe. Ausserdem berücksichtigen sie rechtliche Vorgaben bezüglich Datenschutzes (z.B. DSVGO).
In regelmässigen Abständen überprüfen sie, ob die Wiederherstellung der Daten und Services einwandfrei funktioniert. Sie dokumentieren die Test-Ergebnisse nachvollziehbar.";plattform
;;;;;;
;;;;;;
g1;Anforderungen an Applikationen und Schnittstellen analysieren und dokumentieren;322, 254, 426, 162, 164, 321, 346, 324;;"g1.1: Sie halten Kundenbedürfnisse in Form von fachlichen und technischen Anforderungen nach-vollziehbar und lösungsneutral fest. (K3)
g1.2: Sie entwickeln im Team Nutzermodelle anhand von Personas. (K5)
g1.3: Sie überprüfen fachliche und technische Anforderungen auf Konsistenz, Vollständigkeit und Messbarkeit. (K4)
g1.4: Sie katalogisieren Anforderungen nach branchen- oder projektspezifischen Kriterien und hal-ten diese schriftlich fest. (K4)
g1.5: Sie versehen Anforderungen mit einer eindeutigen Bezeichnung. (K3)
g1.6: Sie schätzen Zeitaufwand, Komplexität, Umfang und Priorisierung von Arbeitspaketen im Team ab. (K4)
g1.7: Sie überprüfen die Anforderungen mit relevanten Stakeholdern auf Validität. (K3)
g1.8: Sie dokumentieren fachliche und technische Anforderungen laufend nach. (K3)";"Informatikerinnen und Informatiker analysieren die im Kundengespräch eruierten Anforderungen (a1) und dokumentieren diese (requirement engineering):
In einem ersten Schritt halten sie die Kundenbedürfnisse in Form von fachlichen und technischen Anforderungen fest. Um die Perspektive der Nutzer zu vertiefen, beschreiben sie im Team sowie mit relevanten Stakeholdern die Zielgruppen sowie deren Bedürfnisse (z.B. mittels «Personas»). Dies kann in Form eines Workshops geschehen. Auf dieser Grundlage überprüfen sie die technischen Anforderungen an eine Applikation und deren Schnittstellen (z.B. UI, REST, Sensorik, Peripherie) auf Konsistenz, Vollständigkeit und Messbarkeit (Ak-zeptanzkriterien). Sie halten Informationen zu Rahmenbedingungen, Kontext, Abgrenzung, sowie Begriffsdefinitionen fest. Bei Bedarf ergänzen sie die Anforderungen.
In einem weiteren Schritt katalogisieren sie die Anforderungen, d.h. sie sortieren und gruppieren diese nach branchen- oder projektspezifischen Kriterien (z.B. funktional, nicht-funkti-onal, Qualität). Die Ergebnisse halten sie im System (z.B. backlog, issues, use cases, user stories) oder auf Papier fest und versehen sie mit einer eindeutigen Bezeichnung (Identifizie-rung).
Schliesslich schätzen sie im Team Zeitaufwand, Komplexität, Umfang und Priorisierung ab. Je nach Situation koordinieren sie das Vorgehen mit dem Projektmanager oder Productowner. In Absprache mit den Stakeholdern vergewissern sie sich, dass die definitiven Anforderungen valide sind und keine Missverständnisse vorliegen. Bei Änderungen im Laufe der Applika-tionsentwicklung führen sie die Anforderungen nach (iteratives Vorgehen).";Appli
g2;Gestaltungsentwürfe für Benutzerschnittstellen auf technische Machbarkeit überprüfen und weiterentwickeln;322, 319, 320, 293;294, 223, 335, 217;"g2.1: Sie entwickeln Gestaltungsentwürfe für Benutzerschnittstellen anhand von geeigneten grafi-schen Tools und unter Berücksichtigung von Gestaltungsrichtlinien und Vorgaben. (K5)
g2.2: Sie identifizieren problematische Teile von Benutzerschnittstellen. (K4)
g2.3: Sie entwerfen Prototypen von Benutzerschnittstellen. (K4)
g2.4: Sie überprüfen die technische Machbarkeit von Benutzerschnittstellen unter Berücksichtigung relevanter Aspekte. (K4)
g2.5: Sie besprechen mit Stakeholdern Gestaltungsentwürfe und schlagen alternative Lösungen für technisch nicht umsetzbare Teile vor. (K3)
g2.6: Sie entwickeln anhand von Prototypen funktionale Benutzerschnittstellen. (K5)";"Informatikerinnen und Informatiker überprüfen Gestaltungsentwürfe für Benutzerschnittstellen auf technische Machbarkeit und entwickeln diese im Sinne der Benutzerfreundlichkeit wei-ter:
Sie erhalten Gestaltungsrichtlinien und Vorgaben in Bezug auf Benutzerschnittstellen vom Auftraggeber oder von anderen Partnern. Auf dieser Grundlage erstellen sie funktionale Gestal-tungsentwürfe (z.B. MockUps, Grids, Wireframes). Sie setzen dabei geeignete grafische Tools ein. Je nach Situation passen sie bereits erstellte Entwürfe an.
In einem nächsten Schritt Identifizieren sie problematische Teile der Benutzerschnittstelle, z.B. voneinander abhängige Informationen oder nicht Standard-Komponenten. Die Machbarkeit der problematischen Teile überprüfen sie anhand von Prototypen, welche sie auf Papier oder anhand von Tools entwerfen. Sie berücksichtigen dabei verschiedenste Aspekte, wie z.B. den Umfang der Informationen, Abhängigkeiten von Feldern, Interaktionselemente, Navigation, Responsiveness, Gestaltungsgesetze oder Barrierefreiheit. Anschliessend besprechen sie die technisch nicht umsetzbaren Teile mit den Stakeholdern. Sie schlagen diesen Lösungen vor und überarbeiten den Gestaltungsentwurf entsprechend.
Anhand des Prototyps oder mehrerer Prototypen entwickeln sie schliesslich funktionale Benutzerschnittstellen. Sie wenden dabei aktuelle Methoden und Werkzeuge an.";Appli
g3;Sicherheit von Applikationen und Schnittstellen beurteilen und dokumentieren;183, 114, 450, 346;295, 216, 217, 107;"g3.1: Sie klären sicherheitsrelevante Fragen in Bezug auf ein Systemumfeld vorausschauend und leiten daraus mögliche Risiken ab. (K4)
g3.2: Sie beschaffen sich sicherheitsrelevante Informationen im Team oder in der Community (z.B. OWASP). (K3)
g3.3: Sie halten sicherheitsrelevante Risiken und daraus abgeleitete Massnahmen nachvollziehbar fest. (K3)
g3.4: Sie erläutern Massnahmen zur Sicherung der Applikationen und Schnittstellen im Team. (K3)
g3.5: Sie passen einen Anforderungskatalog entsprechend den Ergebnissen an und Besprechen die-sen mit dem Stakeholder. (K3)";"Informatikerinnen und Informatiker beurteilen die Sicherheit von Applikationen und Schnittstellen und dokumentieren die Ergebnisse:
Zunächst klären sie relevante sicherheitsbezogene Fragen in Bezug auf das Systemumfeld, z.B. Welche Schnittstellen bestehen? Wer sind die Benutzer der Applikation? Welche anderen Systeme greifen auf die Applikation zu? Welchen Schutzbedarf haben die Daten resp. die Applikation (Verfügbarkeit, Vertraulichkeit, Verbindlichkeit, Integrität)? Welche internen und gesetzlichen Vorgaben sind einzuhalten?
Sie leiten daraus die Risiken ab, welche auf die Applikation und deren Schnittstellen einwirken. Sie nehmen dabei eine vorausschauende Haltung ein und zeigen Gefährdungsmethoden und mögliche Manipulationen von aussen auf. Die Ergebnisse besprechen sie im Team. Sie leiten Massnahmen ab und halten diese fest (z.B. Verschlüsselung der Daten, Zugriffssicherheit, Identity-Management, Escaping). Schliesslich passen sie den Anforderungskatalog entsprechend an und besprechen diesen mit dem Stakeholder.";Appli
g4;Umsetzungsvarianten für Applikationen entwerfen und Lösung konzeptionell ausarbeiten;319, 320, 323, 164, 321,346, 306;106, 223, 335, 259, 216, 217, 210, 107;"g4.1: Sie zeigen grundlegende Umsetzungsvarianten in Bezug auf die Implementierung anhand von Skizzen und Beschreibungen auf. (K5)
g4.2: Sie erstellen in Zusammenarbeit mit dem Stakeholder eine nachvollziehbare Nutzwertanalyse mit sinnvollen, bewertbaren Entscheidungskriterien. (K4)
g4.3: Sie beraten den Stakeholder bei der Entscheidungsfindung für eine optimale, ethisch und rechtlich vertretbare Lösung. (K5)
g4.4: Sie erarbeiten ein fachliches und technisches Realisierungskonzept anhand von geeigneten Hilfsmitteln. (K5)
g4.5: Sie führen eine Machbarkeitsanalyse für die gewählte Umsetzungsvariante durch. (K4)";"Informatikerinnen und Informatiker entwerfen Umsetzungsvarianten für Applikationen und arbeiten für die ausgewählte Variante ein Realisierungskonzept aus. Sie arbeiten dabei eng mit den Stakeholdern und dem Team zusammen:
In einem ersten Schritt zeigen sie anhand von Skizzen und Beschreibungen grundlegende Varianten in Bezug auf die Implementierung auf (z.B. Technologien, Komponenten, Frameworks, Libraries, Systeme). Gemeinsam mit jeweiligen Stakeholdern erstellen sie eine nachvollziehbare Nutzwertanalyse der verschiedenen Varianten mit sinnvollen, bewertbaren Entscheidungs-kriterien. Anhand der Nutzwertanalyse beraten sie den Stakeholder bei der Entscheidungsfindung für eine optimale Lösung. Dabei achten sie darauf, dass diese auch ethisch, moralisch und rechtlich vertretbar ist. Schliesslich überprüfen sie die gewählte Variante gegebenenfalls in Form einer Machbarkeitsanalyse (→ a3).
Daraus erarbeiten sie schrittweise ein fachliches und technisches Realisierungskonzept (z.B. UseCases, Komponenten, Schichten, Ablauf, Schnittstellen, Klassen, Datenmodell). Dazu ana-lysieren sie die relevanten Daten, Abläufe, Systeme und Schnittstellen und dokumentieren die Ergebnisse. Dabei setzen sie geeignete Hilfsmittel ein, wie z.B. UML oder weitere Diagramme. Je nach Situation ist es auch möglich, dass sie für bestehende Applikationen Anpassungen entwerfen.";Appli
g5;Applikationen und Schnittstellen gemäss Entwurf implementieren und dabei die Sicherheitsanforderungen erfüllen;319, 320, 323, 293, 165, 321, 322, 183, 426, 324;106, 294, 295, 223, 335, 216,217;"g5.1: Sie richten eine geeignete Entwicklungs- und Laufzeitumgebung anhand des Realisierungs-konzepts sowie Firmenvorgaben ein. (K3)
g5.2: Sie programmieren ein Back-End mittels vorgegebener Programmiersprachen effizient, strukturiert und gemäss den relevanten Vorgaben. (K3)
g5.3: Sie programmieren ein Front-End mittels vorgegebener Programmiersprachen effizient, strukturiert und gemäss den relevanten Vorgaben. (K3)
g5.4: Sie überprüfen Zwischenergebnisse mit den Anforderungen (funktional, nicht-funktional, Sicherheit) und nehmen laufend Korrekturen vor. (K4)
g5.5: Sie überprüfen die Einhaltung von Coderichtlinien. (K3)
g5.6: Sie legen die Änderungen und Erweiterungen der Implementierung übersichtlich und zu-verlässig in einem Softwareverwaltungssystem ab. (K3)
g5.7: Sie passen ein Realisierungskonzept nachvollziehbar an. (K3)";"Auf Basis der definierten Anforderungen und ausgearbeiteten Entwürfe implementieren Informatikerinnen und Informatiker Applikationen und Schnittstellen. Es kann sich dabei sowohl um neue als auch um die Erweiterung von bestehenden Applikationen handeln:
In einem ersten Schritt richten sie eine geeignete Entwicklungs- und Laufzeitumgebung ein. Das erstellte Realisierungskonzept sowie Firmenvorgaben dienen ihnen als Grundlage.
Danach beginnen sie mit der Programmierung von Back-End und Front-End gemäss den definierten Anforderungen. Sie setzen dazu vorgegebene Programmiersprachen sowie Entwick-lungstools ein. Die Implementierung testen sie regelmässig auf Fehler und beheben diese (debuggen). Sie achten laufend darauf, dass sie regulatorische und technische Richtlinien (z.B. von Frameworks, Designvorgaben) einhalten. Ausserdem berücksichtigen sie Sicherheitsanforderungen.
Bei der Implementation achten sie darauf, die allgemein bekannten Coderichtlinien einzuhalten, um die Nachvollziehbarkeit und Verständlichkeit zu sichern (z.B. Clean Code, Coding Conventions).
Die programmierten Elemente legen sie laufend in einem Softwareverwaltungssystem (z.B. Git) ab. Sie sind in der Lage, jederzeit auf gespeicherte Zwischenstände zuzugreifen. Sie halten dabei die firmeninternen Richtlinien (z.B. Branches) ein. Abschliessend nehmen sie allfällige Anpassungen im Realisierungskonzept vor, um es aktuell zu halten.
IT-Technologien entwickeln sich rasch. Informatikerinnen und Informatiker informieren sich laufend über Neuerungen und deren Auswirkungen (z.B. welche neuen Frameworks gibt es?) und setzen die Erkenntnisse in ihrer täglichen Arbeit um.";Appli
g6;Qualität und Sicherheit von Applikationen und Schnittstellen überprüfen;183,426,450, 324, 321;295, 223, 259, 217;"g6.1: Sie beschreiben das Testumfeld einer Applikation mit allen relevanten Angaben. (K3)
g6.2: Sie definieren Testmittel anhand der ausgewählten Testarten. (K4)
g6.3: Sie beschreiben wiederholbare Testfälle in Bezug auf Anwendungsfälle und Anforderungen nachvollziehbar und definieren die erwarteten Resultate. (K4)
g6.4: Sie bauen gemäss Testkonzept eine geeignete Testumgebung auf. (K3)
g6.5: Sie implementieren die automatisierbaren Testfälle gemäss den definierten Testmitteln. (K4)
g6.6: Sie führen Testfälle umfassend und sorgfältig durch. (K3)
g6.7: Sie werten den Testlauf aus und protokollieren die Ergebnisse nachvollziehbar. (K4)
g6.8: Sie definieren Korrekturmassnahmen und führen diese durch. (K4)
g6.9: Sie überprüfen die Implementierung gemäss dem definierten Sicherheitskonzept und treffen geeignete Korrekturmassnahmen (K4).";"Informatikerinnen und Informatiker überprüfen die Qualität und Sicherheit von Applikationen und Schnittstellen anhand von Testkonzepten. Damit stellen sie sicher, dass Applikationen gemäss den Anforderungen implementiert, Fehler behoben und die Applikation für die Produktion freigegeben werden kann:
Sie erstellen in einem ersten Schritt ein Testkonzept. Darin beschreiben sie das Testumfeld der Applikation mit den relevanten Angaben (z.B. System, Akteure, Daten, Benutzer, Berechti-gungen). Weiter bestimmen sie, welche Testarten gebraucht werden (z.B. Unit Tests, Benutzerakzeptanztests, Integrationstests, Last-/ Performancetests oder Security-Tests.) Auf diesen Grundlagen definieren sie geeignete Testmittel. Danach beschreiben sie die Testfälle (Testcases) mit Bezug auf die Anwendungsfälle (Usecases) und Anforderungen. Sie berücksichtigen dabei unterschiedliche Perspektiven (z.B. Grenzwerte, Fehlersituationen). Sie stellen sicher, dass die definierten Testfälle wiederholbar sind (automatisiert oder manuell). Sie definieren die erwarteten Resultate und dokumentieren diese ebenfalls nachvollziehbar.
Falls nötig bauen sie in einem weiteren Schritt eine geeignete Testumgebung auf. Das vorgängig erstellte Testkonzept dient ihnen dabei als Grundlage. Sie implementieren, wenn möglich automatisierbare Testfälle.
Danach führen sie alle Testfälle durch, werten den Testlauf aus und protokollieren die Ergebnisse. Sie gehen dabei sorgfältig vor und formulieren das Protokoll nachvollziehbar. Bei nicht erfolgreichen Testfällen nehmen sie Korrekturmassnahmen entweder am Test oder der Implementierung vor. Nach erfolgten Korrekturen führen sie ein Retesting durch. Sie überprüfen die Implementierung gemäss dem definierten Sicherheitskonzept und treffen bei Abweichungen geeignete Massnahmen zu dessen Einhaltung.";Appli
h1;Geeignete Plattform für die Auslieferung von Applikationen bestimmen;346,347;210;"h1.1: Sie identifizieren die Abhängigkeiten zwischen verschiedenen Komponenten. (K4)
h1.2: Sie definieren eine geeignete Plattform für den Betrieb einer Applikation. (K4)
h1.3: Sie definieren ein Schichtenmodell innerhalb der Rahmenbedingungen des Stakeholders. (K4)
h1.4: Sie identifizieren die Sicherheitsanforderungen an die Plattform und wählen geeignete Ser-vices aus. (K4)
h1.5: Sie wählen die benötigten Ressourcen anhand der Empfehlung des Plattformbetreibers aus. (K3)
h1.6: Sie prüfen im Team ihre Auswahl auf Konsistenz, nehmen Anpassungen vor und halten die Er-gebnisse fest. (K4)";"Informatikerinnen und Informatiker analysieren die unterschiedlichen Anforderungen an den Betrieb von Applikationen und bestimmen eine geeignete Plattform:
In einem ersten Schritt analysieren sie die vorgegebenen Anforderungen und identifizieren die Abhängigkeiten zwischen den Komponenten (Mikroservices, bestehende SW, APIs/Schnitt-stellen). Darauf definieren sie eine geeignete Plattform für den Betrieb der Applikation (Cloud, On-Premise, Client, Hybrid, Multicloud).
In einem weiteren Schritt definieren sie das Schichtenmodell (SaaS, PaaS, IaaS) innerhalb der Rahmenbedingungen des Stakeholders (z.B. Kosten, Verantwortlichkeit, Umsetzbarkeit). Sie identifizieren die Sicherheitsanforderungen (inkl. Datenschutz) an die Plattform und wählen geeignete Services aus. Sie schätzen die benötigten Ressourcen ab und wählen diese anhand der Empfehlung des Plattformbetreibers aus (Performance, Speicherbedarf, Verfügbarkeit, Kosten, Zugriff; kein Rocketscience). Sie achten dabei auf ökonomische und ökologische Lösun-gen. Abschliessend prüfen sie ihre Auswahl in Zusammenarbeit mit dem Team und/oder dem Stakeholder auf Konsistenz, nehmen allfällig nötige Anpassungen vor und halten die Ergeb-nisse fest.";Appli
h2;Auslieferungsprozess von Applikationen definieren;426, 346, 324;210;"h2.1: Sie analysieren die Abhängigkeit der Komponenten in Bezug auf den Auslieferungsprozess. (K4)
h2.2.: Sie bestimmen geeignete Integrationspraktiken und halten diese fest. (K4)
h2.3: Sie bestimmen geeignete Deployment-Praktiken und halten diese fest. (K4)
h2.4: Sie bestimmen eine geeignete Artefakt-Verwaltung und halten diese fest. (K4)";"Informatikerinnen und Informatiker definieren Auslieferungsprozesse von Applikationen sowie einzusetzende Techniken und Werkzeuge:
Sie orientieren sich bei der Definition der Auslieferungsprozesse am vorliegenden Vorgehensmodell (z.B. Scrum).
Zunächst analysieren sie die Abhängigkeiten zwischen den verschiedenen Komponenten in Bezug auf den Auslieferungsprozess. Sie beachten dabei auch planbare Migrationen (Code First, Datenbankschema) von Daten unter Berücksichtigung der Architektur. Sie bestimmen geeignete Integrationspraktiken (z.B. Git-Flow, Trunk, Continuous Integration) anhand des Applika-tionstyps sowie des gewählten Vorgehensmodells und halten diese fest. Weiter bestimmen sie geeignete Deployment-Praktiken (z.B. Continuous Deployment, Continuous Delivery).
Schliesslich bestimmen sie eine geeignete Artefakt-Verwaltung (z.B. Container Registry.)";Appli
h3;Auslieferungsprozess von Applikationen durchführen;122, 324, 347, 346;335, 190, 210;"h3.1: Sie richten Services für die Auslieferung ein. (K3)
h3.2: Sie schreiben Automatisierungsskripte und definieren Umgebungsvariablen mit geeigneten Methoden und Tools. (K3)
h3.3: Sie stellen Komponenten für die Auslieferung bereit. (K3)
h3.4: Sie paketieren eine Applikation. (K3)
h3.5: Sie verwalten und versionieren Artefakte. (K3)
h3.6: Sie überprüfen den Auslieferungsprozess der Applikation gemäss Vorgaben. (K4)
h3.7: Sie prüfen die Funktionsfähigkeit/das Zusammenspiel der Applikationen anhand eines Test-konzepts. (K4)";"Informatikerinnen und Informatiker führen Auslieferungsprozesse von Applikationen nach Vorgabe durch:
Falls noch nicht vorhanden, erstellen sie zuerst ein Proof of Concept für die gewählte Lösung (→ a3.5). Nun beginnen sie, den definierten Auslieferungsprozess zu implementieren. Sie richten die Services ein, schreiben Automatisierungsskripte und definieren Umgebungsvariablen mit geeigneten Methoden und Tools (z.B. CI/CD Pipeline, CLI, YAML).
Sie stellen Komponenten bereit (Laufzeitumgebung /Services) und paketieren die Applikation (z.B. Docker, Container). Weiter verwalten und versionieren sie die Artefakte. Dabei gehen sie strukturiert vor, überprüfen ihre Arbeit regelmässig auf Fehler und beheben diese.
Zum Schluss überprüfen sie den gesamten Auslieferungsprozess der Applikation gemäss Vorgaben (z.B. Checkliste) und testen die Funktionsfähigkeit / das Zusammenspiel der Applikati-onen anhand eines Testkonzepts (z.B. Integrationstest). Dabei zeigen Sie den Willen und akribisches Vorgehen zur Verbesserung und Optimierung des Auslieferungsprozesses.";Appli
h4;Applikationen und Schnittstellen überwachen und Probleme im laufenden Betrieb beheben;183, 431, 321, 345;187, 110, 109;"h4.1: Sie definieren und konfigurieren Tools für das Monitoring einer Applikation. (K3)
h4.2: Sie führen das Monitoring in regelmässigen Abständen zuverlässig und sorgfältig durch. (K3)
h4.3: Sie analysieren ein auftretendes Problem durch eine strukturierte Vorgehensweise. (K4)
h4.4: Sie überprüfen Aktualität und Sicherheitseinstellungen der Applikationen und Schnittstellen anhand der Herstellerinformationen. (K4)
h4.5: Sie legen ein zielführendes Vorgehen zur Problembehebung fest und besprechen dieses im Team und/oder mit dem Stakeholder. (K5)
h4.6: Sie setzen die vereinbarten Massnahmen um und halten sie verständlich und nachvollziehbar fest. (K3)";"Informatikerinnen und Informatiker überwachen Applikationen und Schnittstellen, treffen Massnahmen zur Erhaltung der Stabilität und beheben falls nötig Probleme im laufenden Betrieb:
Für die Überwachung resp. das Monitoring einer Applikation definieren sie zunächst, was alles aufgezeichnet werden soll (Metriken) und konfigurieren die Systeme entsprechend (Log-Tiefe, Messpunkte). Sie treffen in der Applikation Massnahmen zum frühzeitigen Erkennen von Missbrauch oder Gefahren.
Das Monitoring führen sie in regelmässigen Abständen durch und überprüfen dabei den Zustand der Applikation anhand der aufgezeichneten Informationen. Bei Bedarf führen sie eine Analyse durch, z.B. wenn eine Fehlermeldung durch die Kundin oder den Kunden oder das System vorliegt. Um das Problem einzugrenzen, reproduzieren sie den Fehler. Sie gehen analy-tisch und hartnäckig vor, bis der Fehler eruiert werden kann. Weiter überprüfen sie die Aktualität und Sicherheitseinstellungen der Applikationen und Schnittstellen. Dazu lesen sie regel-mässig die Mitteilungen der Hersteller der verwendeten Frameworks und Dienste.
Aufgrund der Fehleranalyse legen sie ein Vorgehen zur Problembehebung fest und besprechen dieses je nach Auswirkung im Team oder mit dem Stakeholder. Dabei agieren sie voraus-schauend und setzen die definierten Massnahmen rechtzeitig um (z.B. Software Life Cycle: Updates/Patches planen und einspielen, Erneuerung von Sicherheitszertifikaten, Konfigurati-onsanpassungen). Sie halten Probleme und Massnahmen nachvollziehbar fest und ergänzen gegebenenfalls auch die Testfälle.";Appli
